client_id,best_product,push_notification,total_transactions,avg_balance,total_spending,currency_operations,online_services,outflows_vs_inflows
1,travel_card,🌍 Карта для путешествий с кэшбэком до 5% на отели и такси. Кэшбэк 5% на покупки в валюте!,99,359189.1617180152,398622.64640482434,2,2,0.9212503259335193
2,premium_card,💎 Премиальная карта с эксклюзивными привилегиями. Доступ к VIP-залам и персональному менеджеру!,92,1892575.552099186,1425209.0304040052,5,2,0.46018224168267724
3,travel_card,🌍 Карта для путешествий с кэшбэком до 5% на отели и такси. Кэшбэк 5% на покупки в валюте!,96,105312.1487219824,300337.1180711966,6,4,0.8437119948657245
4,currency_exchange,💱 Выгодный обмен валют без комиссии. Курс выгоднее на 0.5%!,100,20984.810781590633,490282.90953310777,6,1,1.60485139244039
5,premium_card,💎 Премиальная карта с эксклюзивными привилегиями. Доступ к VIP-залам и персональному менеджеру!,102,224225.9213102372,364238.6670683545,2,4,0.8459548833745684
6,travel_card,🌍 Карта для путешествий с кэшбэком до 5% на отели и такси. Кэшбэк 5% на покупки в валюте!,96,2490875.8358422066,226578.07716339873,6,2,0.061669649322276726
7,travel_card,🌍 Карта для путешествий с кэшбэком до 5% на отели и такси. Кэшбэк 5% на покупки в валюте!,104,6695.814866166756,1236193.8344201564,3,4,1.430182647538695
8,travel_card,🌍 Карта для путешествий с кэшбэком до 5% на отели и такси. Кэшбэк 5% на покупки в валюте!,94,266675.7420931093,303143.06938458525,2,3,0.7056924028069622
9,premium_card,💎 Премиальная карта с эксклюзивными привилегиями. Доступ к VIP-залам и персональному менеджеру!,94,1261390.5181276188,1379750.6660701933,3,1,0.49817783098572105
10,premium_card,🎯 Премиальная карта с эксклюзивными привилегиями,98,34825.16982442709,451450.304920884,3,4,1.2598661324283345
11,travel_card,🌍 Карта для путешествий с кэшбэком до 5% на отели и такси. Кэшбэк 5% на покупки в валюте!,109,315114.64571771165,380293.2673231095,6,3,0.7205926029710982
12,travel_card,🌍 Карта для путешествий с кэшбэком до 5% на отели и такси. Кэшбэк 5% на покупки в валюте!,112,154047.04676893266,458982.7515232378,5,4,1.0368197946627755
13,premium_card,💎 Премиальная карта с эксклюзивными привилегиями. Доступ к VIP-залам и персональному менеджеру!,103,2685707.362172272,273919.9779848406,6,4,0.06742720481993789
14,premium_card,💎 Премиальная карта с эксклюзивными привилегиями. Доступ к VIP-залам и персональному менеджеру!,95,120328.66098510649,1008624.7550427231,4,2,0.798406747833837
15,travel_card,🌍 Карта для путешествий с кэшбэком до 5% на отели и такси. Кэшбэк 5% на покупки в валюте!,108,40345.102998642535,534835.1154039586,2,2,1.4247576680478
16,premium_card,💎 Премиальная карта с эксклюзивными привилегиями. Доступ к VIP-залам и персональному менеджеру!,123,2210950.4325679224,2146843.217645591,3,1,0.41650808271696
17,travel_card,🌍 Карта для путешествий с кэшбэком до 5% на отели и такси. Кэшбэк 5% на покупки в валюте!,117,8854.009749975383,502646.5036720416,4,4,1.302094755343911
18,premium_card,💎 Премиальная карта с эксклюзивными привилегиями. Доступ к VIP-залам и персональному менеджеру!,96,176786.75235178962,380584.2238025266,6,3,0.9360109858982553
19,premium_card,💎 Премиальная карта с эксклюзивными привилегиями. Доступ к VIP-залам и персональному менеджеру!,70,156559.87015888674,191418.0072833289,4,2,0.6353456496753271
20,premium_card,💎 Премиальная карта с эксклюзивными привилегиями. Доступ к VIP-залам и персональному менеджеру!,95,2226626.6780342585,252298.45239367796,4,4,0.06944738764061203
21,premium_card,🎯 Премиальная карта с эксклюзивными привилегиями,102,16427.29223939861,1229408.7837004378,3,3,1.5810424247718393
22,travel_card,🌍 Карта для путешествий с кэшбэком до 5% на отели и такси. Кэшбэк 5% на покупки в валюте!,87,114786.80918655904,374425.901469407,3,2,1.384763091202028
23,premium_card,💎 Премиальная карта с эксклюзивными привилегиями. Доступ к VIP-залам и персональному менеджеру!,89,1194063.3598705628,1441681.924635697,3,2,0.440348786184954
24,travel_card,🌍 Карта для путешествий с кэшбэком до 5% на отели и такси. Кэшбэк 5% на покупки в валюте!,101,129105.12102086656,472518.0908493185,4,4,1.277650656235803
25,premium_card,💎 Премиальная карта с эксклюзивными привилегиями. Доступ к VIP-залам и персональному менеджеру!,111,164242.08746414355,326390.96218824893,6,3,0.6200395485179329
26,premium_card,💎 Премиальная карта с эксклюзивными привилегиями. Доступ к VIP-залам и персональному менеджеру!,97,154245.383804709,379739.6759212291,4,2,0.8291380450649218
27,travel_card,🌍 Карта для путешествий с кэшбэком до 5% на отели и такси. Кэшбэк 5% на покупки в валюте!,102,2888545.58742779,242461.7736908164,5,2,0.054679620279589426
28,premium_card,🎯 Премиальная карта с эксклюзивными привилегиями,114,7441.748239996324,1200002.1113277117,5,3,1.1289664690765555
29,travel_card,🌍 Карта для путешествий с кэшбэком до 5% на отели и такси. Кэшбэк 5% на покупки в валюте!,105,223564.38909859044,405358.55082842545,5,1,0.9670511463648258
30,premium_card,💎 Премиальная карта с эксклюзивными привилегиями. Доступ к VIP-залам и персональному менеджеру!,79,1577873.7788705204,1322092.8517666252,3,4,0.38765561491446887
31,premium_card,💎 Премиальная карта с эксклюзивными привилегиями. Доступ к VIP-залам и персональному менеджеру!,110,115858.26165236022,474978.2739964256,2,4,1.2267440506718346
32,travel_card,🌍 Карта для путешествий с кэшбэком до 5% на отели и такси. Кэшбэк 5% на покупки в валюте!,118,130048.99756932663,452384.6920869218,6,1,0.7292475139687306
33,travel_card,🌍 Карта для путешествий с кэшбэком до 5% на отели и такси. Кэшбэк 5% на покупки в валюте!,121,153081.96204695187,450828.60331904463,6,3,0.9244438604013006
34,premium_card,💎 Премиальная карта с эксклюзивными привилегиями. Доступ к VIP-залам и персональному менеджеру!,96,2568276.4176600846,237131.86262511933,4,3,0.05775626048491096
35,premium_card,🎯 Премиальная карта с эксклюзивными привилегиями,117,83724.84279330271,1303869.3043917282,3,4,1.1913957541344584
36,travel_card,🌍 Карта для путешествий с кэшбэком до 5% на отели и такси. Кэшбэк 5% на покупки в валюте!,128,113896.72936512309,450676.7130249612,3,2,0.7617837534742897
37,premium_card,💎 Премиальная карта с эксклюзивными привилегиями. Доступ к VIP-залам и персональному менеджеру!,96,1637150.9615441256,1449030.920068841,3,4,0.3828423015552015
38,premium_card,🎯 Премиальная карта с эксклюзивными привилегиями,85,1680.0307772543065,411603.225625372,2,4,2.0851493453207737
39,travel_card,🌍 Карта для путешествий с кэшбэком до 5% на отели и такси. Кэшбэк 5% на покупки в валюте!,98,136605.6910677078,421119.94533492863,6,4,1.025109197460237
40,premium_card,💎 Премиальная карта с эксклюзивными привилегиями. Доступ к VIP-залам и персональному менеджеру!,104,206825.529733417,292410.8121319448,4,3,0.689505603581342
41,premium_card,💎 Премиальная карта с эксклюзивными привилегиями. Доступ к VIP-залам и персональному менеджеру!,102,3104519.4083627393,177729.35158737164,5,4,0.03793177548133693
42,premium_card,🎯 Премиальная карта с эксклюзивными привилегиями,89,4471.6457883081885,1028894.4346814202,5,1,1.310020322913733
43,travel_card,🌍 Карта для путешествий с кэшбэком до 5% на отели и такси. Кэшбэк 5% на покупки в валюте!,107,153091.3541168858,477013.1140798493,3,2,1.3052204531978548
44,premium_card,💎 Премиальная карта с эксклюзивными привилегиями. Доступ к VIP-залам и персональному менеджеру!,100,1002085.1286246459,1735944.3943545746,4,3,0.509960465016488
45,premium_card,💎 Премиальная карта с эксклюзивными привилегиями. Доступ к VIP-залам и персональному менеджеру!,103,115566.39385693491,492199.6833450314,4,4,1.4921783067010663
46,premium_card,💎 Премиальная карта с эксклюзивными привилегиями. Доступ к VIP-залам и персональному менеджеру!,111,218760.98033109377,401948.4453079941,6,3,0.8699157987057988
47,premium_card,💎 Премиальная карта с эксклюзивными привилегиями. Доступ к VIP-залам и персональному менеджеру!,114,153726.0341777852,552476.4432237529,6,3,1.458043890252156
48,premium_card,💎 Премиальная карта с эксклюзивными привилегиями. Доступ к VIP-залам и персональному менеджеру!,126,3420457.41488022,282129.75001416635,3,4,0.05062039791984451
49,travel_card,🌍 Карта для путешествий с кэшбэком до 5% на отели и такси. Кэшбэк 5% на покупки в валюте!,105,14840.136166884708,1373752.7474489168,4,1,1.4899666804528702
50,travel_card,🌍 Карта для путешествий с кэшбэком до 5% на отели и такси. Кэшбэк 5% на покупки в валюте!,110,175098.24154803358,469589.5928166631,4,3,1.1389514349878167
51,premium_card,💎 Премиальная карта с эксклюзивными привилегиями. Доступ к VIP-залам и персональному менеджеру!,105,2079581.8377046066,1682619.1228295157,1,0,0.4128826876905528
52,premium_card,💎 Премиальная карта с эксклюзивными привилегиями. Доступ к VIP-залам и персональному менеджеру!,98,142878.2988726812,415798.0244653393,2,4,1.1841015178814427
53,travel_card,🌍 Карта для путешествий с кэшбэком до 5% на отели и такси. Кэшбэк 5% на покупки в валюте!,114,110214.5542840974,483563.47354414844,6,3,1.126867274282746
54,premium_card,💎 Премиальная карта с эксклюзивными привилегиями. Доступ к VIP-залам и персональному менеджеру!,106,256297.28595887334,365775.74456094863,4,2,0.9644434303311602
55,travel_card,🌍 Карта для путешествий с кэшбэком до 5% на отели и такси. Кэшбэк 5% на покупки в валюте!,102,2997354.734247914,245715.91344838857,4,3,0.05700561205745235
56,premium_card,🎯 Премиальная карта с эксклюзивными привилегиями,104,4072.2608074365044,1358961.4771516589,5,3,1.6506640228521807
57,travel_card,🌍 Карта для путешествий с кэшбэком до 5% на отели и такси. Кэшбэк 5% на покупки в валюте!,96,133787.46431182695,482977.96465092886,4,3,1.4768522425673627
58,premium_card,💎 Премиальная карта с эксклюзивными привилегиями. Доступ к VIP-залам и персональному менеджеру!,89,1456725.7985970934,1438766.2303946153,5,3,0.40954532861426085
59,premium_card,💎 Премиальная карта с эксклюзивными привилегиями. Доступ к VIP-залам и персональному менеджеру!,97,284514.06517155276,379395.40733363846,3,4,0.7926951801678078
60,travel_card,🌍 Карта для путешествий с кэшбэком до 5% на отели и такси. Кэшбэк 5% на покупки в валюте!,100,242626.56569385083,396032.68767885666,6,4,1.0106818109688642
61,premium_card,💎 Премиальная карта с эксклюзивными привилегиями. Доступ к VIP-залам и персональному менеджеру!,100,224350.71170633406,357992.3118420734,5,3,0.7875860321220425
62,premium_card,💎 Премиальная карта с эксклюзивными привилегиями. Доступ к VIP-залам и персональному менеджеру!,103,2746174.430811213,201364.7469733851,4,2,0.04590046852655222
63,travel_card,🌍 Карта для путешествий с кэшбэком до 5% на отели и такси. Кэшбэк 5% на покупки в валюте!,103,204.84359042653384,1275584.7344981043,4,2,1.5766244615151497
64,travel_card,🌍 Карта для путешествий с кэшбэком до 5% на отели и такси. Кэшбэк 5% на покупки в валюте!,92,81064.24501426106,462948.7085124427,2,1,1.4770305572008897
65,premium_card,💎 Премиальная карта с эксклюзивными привилегиями. Доступ к VIP-залам и персональному менеджеру!,98,1651436.8744620727,1604731.9208403374,5,3,0.4743542907043906
66,premium_card,💎 Премиальная карта с эксклюзивными привилегиями. Доступ к VIP-залам и персональному менеджеру!,99,156932.59605327054,289278.1998733927,2,4,0.6815967031008365
67,currency_exchange,💱 Выгодный обмен валют без комиссии. Курс выгоднее на 0.5%!,124,164896.18814453363,441268.5436594919,6,4,0.722418844113664
68,premium_card,🎯 Премиальная карта с эксклюзивными привилегиями,109,57825.491041726134,579466.2958097373,3,2,1.5443261393906762
69,premium_card,💎 Премиальная карта с эксклюзивными привилегиями. Доступ к VIP-залам и персональному менеджеру!,101,2430114.944554495,293710.9965361324,4,4,0.06862150540714759
70,premium_card,🎯 Премиальная карта с эксклюзивными привилегиями,102,3186.9533882973656,1254905.1819916465,3,3,1.2156304599539471
